n,checks,scaled,exact_risk,asymptotic_risk
16,0,-2.2384631517416906,0.9940461221002406,0.9301344360074517
16,1,-1.9884631517416906,0.979882966782738,0.9052161789152924
16,2,-1.7384631517416906,0.9519922293767434,0.8742937733433628
16,3,-1.4884631517416906,0.9083458598518599,0.8369480047911908
16,4,-1.2384631517416906,0.8500524333268855,0.7930522961882779
16,5,-0.9884631517416906,0.7805627546383704,0.7428393999140676
16,6,-0.7384631517416906,0.7043831864836017,0.686938212228632
16,7,-0.48846315174169064,0.6259669115879075,0.6263707522868047
16,8,-0.23846315174169064,0.5490369678602862,0.5625046731180046
16,9,0.011536848258309362,0.4763163757054306,0.49696357376815725
16,10,0.26153684825830936,0.40953552067662446,0.4315045140283896
16,11,0.5115368482583094,0.34958497744113204,0.3678779636205494
16,12,0.7615368482583094,0.2967183741375092,0.30768862578372463
16,13,1.0115368482583094,0.2507494889035651,0.25227541422073474
16,14,1.2615368482583094,0.21121763730812615,0.2026253700895856
16,15,1.5115368482583094,0.17751396000777128,0.15933029365537482
16,16,1.7615368482583094,0.14897095810676686,0.12258769011380771
16,17,2.0115368482583094,0.124921672558984,0.09224082216100377
16,18,2.2615368482583094,0.10473576074747654,0.06784753426067155
16,19,2.5115368482583094,0.08783904540980464,0.0487648567634214
16,20,2.7615368482583094,0.07372186827492103,0.03423635720679786
16,21,3.0115368482583094,0.06194027717163257,0.02347134111719931
16,22,3.2615368482583094,0.05211293421469125,0.015708493782533643
16,23,3.5115368482583094,0.04391572407818581,0.010260459558508206
16,24,3.7615368482583094,0.03707536088272292,0.0065393624570101805
16,25,4.011536848258309,0.031362805173334424,0.00406584747260484
16,26,4.261536848258309,0.026586966777236487,0.0024656616231097635
16,27,4.511536848258309,0.022588945982433984,0.0014581765701140728
16,28,4.761536848258309,0.01923692229737324,0.0008408441705068026
64,12,-2.9769263034833813,0.9951516297813668,0.9752339789745944
64,13,-2.8519263034833813,0.9927075160042365,0.97004913855012
64,14,-2.7269263034833813,0.9893543860019232,0.9639945646191349
64,15,-2.6019263034833813,0.9848822835227884,0.9569722561213726
64,16,-2.4769263034833813,0.9790718515393513,0.9488827064028311
64,17,-2.3519263034833813,0.9717037022883487,0.9396268433850998
64,18,-2.2269263034833813,0.962568776587232,0.9291082512581114
64,19,-2.1019263034833813,0.9514789303858155,0.9172356348085413
64,20,-1.9769263034833813,0.9382769633225121,0.9039254713973692
64,21,-1.8519263034833813,0.9228453640067965,0.8891047800237367
64,22,-1.7269263034833813,0.9051131758172148,0.8727139228237487
64,23,-1.6019263034833813,0.8850605640179661,0.8547093427492325
64,24,-1.4769263034833813,0.8627208657428894,0.8350661330139861
64,25,-1.3519263034833813,0.838180105375981,0.813780330036656
64,26,-1.2269263034833813,0.8115741391861029,0.7908708227219232
64,27,-1.1019263034833813,0.7830837402597607,0.7663807774294498
64,28,-0.9769263034833813,0.7529280393996657,0.7403784900056141
64,29,-0.8519263034833813,0.7213567971110877,0.7129575935814471
64,30,-0.7269263034833813,0.6886419983681585,0.6842365729057471
64,31,-0.6019263034833813,0.6550692414268485,0.6543575618816839
64,32,-0.4769263034833813,0.6209293426252138,0.6234844295066673
64,33,-0.3519263034833813,0.5865105098847028,0.5918001891438468
64,34,-0.22692630348338128,0.5520913573286851,0.5595037953972739
64,35,-0.10192630348338128,0.5179349499401489,0.5268064201942331
64,36,0.023073696516618725,0.484283986921212,0.49392732343467133
64,37,0.14807369651661872,0.4513571601627118,0.4610894523594785
64,38,0.2730736965166187,0.4193466630884764,0.4285149164993408
64,39,0.3980736965166187,0.3884167766997217,0.396420490930134
64,40,0.5230736965166187,0.35870342423971885,0.3650132992247566
64,41,0.6480736965166187,0.33031456288369854,0.3344868190358313
64,42,0.7730736965166187,0.30333126891210094,0.3050173381792147
64,43,0.8980736965166187,0.27780937021721047,0.2767609683170661
64,44,1.0230736965166187,0.2537814848155381,0.2498512980896619
64,45,1.1480736965166187,0.2312593343833261,0.22439773928300372
64,46,1.2730736965166187,0.21023621592287925,0.20048458994407548
64,47,1.3980736965166187,0.19068953093976704,0.17817080889048653
64,48,1.5230736965166187,0.17258328866090222,0.15749046834513974
64,49,1.6480736965166187,0.15587051681942,0.1384538268173377
64,50,1.7730736965166187,0.14049552960648798,0.12104894394722399
64,51,1.8980736965166187,0.1263960170148146,0.10524374361251576
64,52,2.0230736965166187,0.11350493265267217,0.0909884216014139
64,53,2.1480736965166187,0.10175216803956452,0.0782180896709026
64,54,2.2730736965166187,0.09106601038691062,0.06685554859616483
64,55,2.3980736965166187,0.0813743879990821,0.05681408835175987
64,56,2.5230736965166187,0.07260591284909547,0.04800022310161186
64,57,2.6480736965166187,0.06469073377809152,0.04031628131122278
64,58,2.7730736965166187,0.05756121634804502,0.03366278604910081
64,59,2.8980736965166187,0.0511524668571925,0.02794057642244082
64,60,3.0230736965166187,0.04540271861463192,0.02305263715576922
64,61,3.1480736965166187,0.04025359845651852,0.018905618738226885
64,62,3.2730736965166187,0.03565029084333455,0.015411044648239718
64,63,3.3980736965166187,0.03154161585541293,0.01248621439516083
64,64,3.5230736965166187,0.027880036128665065,0.01005482115534463
64,65,3.6480736965166187,0.02462160634825905,0.008047310457374631
64,66,3.7730736965166187,0.02172587742788622,0.006401011677508515
64,67,3.8980736965166187,0.019155766010553642,0.005060077164881894
64,68,4.023073696516619,0.016877398481488764,0.003975264853837161
64,69,4.148073696516619,0.014859937318776887,0.0031035995378591746
64,70,4.273073696516619,0.013075396345290216,0.0024079459177211017
64,71,4.398073696516619,0.01149845029952563,0.0018565234507515766
64,72,4.523073696516619,0.010106243119056679,0.00142238926320887
64,73,4.648073696516619,0.008878198428763511,0.001082911258711025
64,74,4.773073696516619,0.007795834943086111,0.0008192493349286999
64,75,4.898073696516619,0.0068425888206471944,0.0006158585301750436
256,96,-2.9538526069667626,0.9857975201110234,0.9743379926830035
256,97,-2.8913526069667626,0.9837877756976139,0.971773823951099
256,98,-2.8288526069667626,0.9815524608173765,0.9689998605317371
256,99,-2.7663526069667626,0.9790744866805783,0.9660040345874893
256,100,-2.7038526069667626,0.9763364622753359,0.9627740969033513
256,101,-2.6413526069667626,0.9733208032849541,0.9592976673950779
256,102,-2.5788526069667626,0.9700098504946502,0.9555622904852455
256,103,-2.5163526069667626,0.9663859967458137,0.9515554952348388
256,104,-2.4538526069667626,0.962431821320755,0.9472648600593652
256,105,-2.3913526069667626,0.9581302304786248,0.9426780817973824
256,106,-2.3288526069667626,0.953464602717464,0.9377830488365727
256,107,-2.2663526069667626,0.9484189372114895,0.9325679179388717
256,108,-2.2038526069667626,0.9429780037696747,0.9270211943424962
256,109,-2.1413526069667626,0.9371274925839168,0.9211318146558948
256,110,-2.0788526069667626,0.930854161984525,0.9148892319976212
256,111,-2.0163526069667626,0.9241459823988041,0.9082835027778566
256,112,-1.9538526069667626,0.9169922747158932,0.901305374462786
256,113,-1.8913526069667626,0.9093838412978901,0.8939463736132556
256,114,-1.8288526069667626,0.9013130879431812,0.8861988934450837
256,115,-1.7663526069667626,0.8927741352016976,0.8780562801210072
256,116,-1.7038526069667626,0.8837629175618811,0.8695129169544291
256,117,-1.6413526069667626,0.8742772691732805,0.8605643056837067
256,118,-1.5788526069667626,0.8643169949342479,0.8512071439634263
256,119,-1.5163526069667626,0.8538839259581038,0.8414393982166012
256,120,-1.4538526069667626,0.8429819586300207,0.8312603709994859
256,121,-1.3913526069667626,0.8316170766770836,0.8206707620491505
256,122,-1.3288526069667626,0.8197973558917746,0.8096727222132794
256,123,-1.2663526069667626,0.8075329513706051,0.7982698995019681
256,124,-1.2038526069667626,0.7948360673509833,0.7864674765524649
256,125,-1.1413526069667626,0.7817209099468826,0.774272198859572
256,126,-1.0788526069667626,0.7682036232939162,0.7616923931963622
256,127,-1.0163526069667626,0.7543022098137016,0.7487379757313218
256,128,-0.9538526069667626,0.7400364354928693,0.735420449438247
256,129,-0.8913526069667626,0.7254277212410973,0.7217528904932212
256,130,-0.8288526069667626,0.710499021542818,0.707749923457687
256,131,-0.7663526069667626,0.6952746917469369,0.6934276851567576
256,132,-0.7038526069667626,0.6797803454465814,0.678803777276127
256,133,-0.6413526069667626,0.6640427034856118,0.6638972078177662
256,134,-0.5788526069667626,0.6480894361898778,0.6487283216725046
256,135,-0.5163526069667626,0.6319490004588924,0.6333187206849882
256,136,-0.45385260696676255,0.6156504733680797,0.6176911737017649
256,137,-0.39135260696676255,0.5992233839237517,0.6018695172047557
256,138,-0.32885260696676255,0.5826975445835584,0.5858785472385207
256,139,-0.26635260696676255,0.5661028841057305,0.5697439034390076
256,140,-0.20385260696676255,0.5494692832226451,0.5534919460624041
256,141,-0.14135260696676255,0.5328264145499739,0.5371496269939721
256,142,-0.07885260696676255,0.5162035880439642,0.5207443557870981
256,143,-0.01635260696676255,0.4996296032084328,0.504303861841212
256,144,0.04614739303323745,0.48313260913206557,0.4878560538727958
256,145,0.10864739303323745,0.4667399733078893,0.4714288778657651
256,146,0.17114739303323745,0.45047816005258523,0.45505017470554643
256,147,0.23364739303323745,0.43437261920584785,0.4387475387049289
256,148,0.29614739303323745,0.41844768565139057,0.4225481782191835
256,149,0.35864739303323745,0.4027264900634574,0.4064787795231706
256,150,0.42114739303323745,0.3872308811476721,0.3905653750845843
256,151,0.48364739303323745,0.37198135951443734,0.3748332173156856
256,152,0.5461473930332374,0.3569970231983799,0.3593066588216499
256,153,0.6086473930332374,0.3422955247198425,0.3440090400879575
256,154,0.6711473930332374,0.3278930394752364,0.3289625854632263
256,155,0.7336473930332374,0.3138042451431069,0.3141883081988002
256,156,0.7961473930332374,0.30004231170269813,0.29970592520366435
256,157,0.8586473930332374,0.286618901582149,0.2855337820643583
256,158,0.9211473930332374,0.2735441793844876,0.27168878876605995
256,159,0.9836473930332374,0.26082683058145495,0.25818636643453674
256,160,1.0461473930332374,0.2484740885178251,0.24504040530081805
256,161,1.1086473930332374,0.2364917690321015,0.23226323397285004
256,162,1.1711473930332374,0.2248843119729221,0.2198655999826286
256,163,1.2336473930332374,0.21365482887374904,0.20785666146485537
256,164,1.2961473930332374,0.2028051560408951,0.19624398971547008
256,165,1.3586473930332374,0.19233591231101427,0.18503358227675953
256,166,1.4211473930332374,0.18224656074315093,0.17422988610133133
256,167,1.4836473930332374,0.17253547352655801,0.16383583026108894
256,168,1.5461473930332374,0.16319999940796504,0.15385286759033506
256,169,1.6086473930332374,0.15423653297000917,0.14428102458497616
256,170,1.6711473930332374,0.1456405851253283,0.13511895882303554
256,171,1.7336473930332374,0.1374068542275566,0.12636402312566808
256,172,1.7961473930332374,0.12952929724038761,0.1180123356427934
256,173,1.8586473930332374,0.12200120044822826,0.110058855023349
256,174,1.9211473930332374,0.11481524923604992,0.10249745981684744
256,175,1.9836473930332374,0.10796359651118785,0.0953210312501161
256,176,2.0461473930332374,0.10143792938542784,0.08852153853034306
256,177,2.1086473930332374,0.09522953378119242,0.0820901258422877
256,178,2.1711473930332374,0.08932935667048733,0.07601720023303617
256,179,2.2336473930332374,0.08372806569904784,0.07029251961122013
256,180,2.2961473930332374,0.07841610599044102,0.06490528012829543
256,181,2.3586473930332374,0.07338375396540206,0.05984420225638613
256,182,2.4211473930332374,0.06862116805013294,0.05509761492935799
256,183,2.4836473930332374,0.06411843618344637,0.05065353717022215
256,184,2.5461473930332374,0.05986562006632601,0.0464997566876745
256,185,2.6086473930332374,0.055852796128569096,0.04262390498657992
256,186,2.6711473930332374,0.052070093215603255,0.039013528600543766
256,187,2.7336473930332374,0.04850772702428366,0.03565615611846775
256,188,2.7961473930332374,0.04515603133947932,0.03253936074029657
256,189,2.8586473930332374,0.04200548614357821,0.029650818159224403
256,190,2.9211473930332374,0.03904674268873923,0.026978359627720733
256,191,2.9836473930332374,0.03627064563687846,0.02451002012220479
256,192,3.0461473930332374,0.03366825238510286,0.022234081575481086
256,193,3.1086473930332374,0.031230849704717335,0.020139111196671573
256,194,3.1711473930332374,0.02894996783016632,0.01821399494495485
256,195,3.2336473930332374,0.02681739214047512,0.016447966265648487
256,196,3.2961473930332374,0.0248251725800792,0.01483063023484113
256,197,3.3586473930332374,0.02296563096853132,0.013351983291759946
256,198,3.4211473930332374,0.021231366349613402,0.012002428766304855
256,199,3.4836473930332374,0.019615258530011552,0.010772788432712177
256,200,3.5461473930332374,0.0181104699560954,0.00965431033921945
256,201,3.6086473930332374,0.01671044607462812,0.008638673178041546
256,202,3.6711473930332374,0.01540891431956895,0.0077179874701369935
256,203,3.7336473930332374,0.014199881862655594,0.0068847938453911834
256,204,3.7961473930332374,0.01307763226030279,0.006132058701252
256,205,3.8586473930332374,0.012036721123650371,0.005453167521837254
256,206,3.9211473930332374,0.011071970932455336,0.004841916135424019
256,207,3.9836473930332374,0.010178465107055092,0.004292500181374003
256,208,4.0461473930332374,0.009351541445931321,0.00379950304830124
256,209,4.1086473930332374,0.008586785029564049,0.0033578825340006475
256,210,4.1711473930332374,0.007880020684364181,0.0029629564646778913
256,211,4.2336473930332374,0.007227305093579784,0.002610387496689762
256,212,4.2961473930332374,0.006624918635249718,0.0022961673086434025
256,213,4.3586473930332374,0.006069357020581593,0.0020166003756163483
256,214,4.4211473930332374,0.005557322799605334,0.0017682875007309772
256,215,4.4836473930332374,0.005085716794638165,0.001548109262605609
256,216,4.5461473930332374,0.0046516295160229605,0.0013532095205446416
256,217,4.6086473930332374,0.004252332608795593,0.0011809791029288406
256,218,4.6711473930332374,0.003885270373417629,0.0010290397883057699
256,219,4.7336473930332374,0.0035480513984929496,0.0008952286733131117
256,220,4.7961473930332374,0.0032384403384803436,0.0007775830069228801
256,221,4.8586473930332374,0.0029543498648239913,0.0006743255566747174
256,222,4.9211473930332374,0.002693832814651842,0.0005838505596513737
256,223,4.9836473930332374,0.0024550745572363255,0.0005047102989951832
1024,478,-2.970205213933525,0.9808127900180457,0.9749757389361446
1024,479,-2.938955213933525,0.9797053547333956,0.9737452099750727
1024,480,-2.907705213933525,0.9785457047020729,0.9724644967274546
1024,481,-2.876455213933525,0.9773320964177243,0.9711321189695437
1024,482,-2.845205213933525,0.9760627678468148,0.9697465815594508
1024,483,-2.813955213933525,0.9747359404100265,0.9683063757826693
1024,484,-2.782705213933525,0.9733498210732221,0.9668099807748012
1024,485,-2.751455213933525,0.9719026045464974,0.9652558650214653
1024,486,-2.720205213933525,0.970392475589479,0.9636424879351679
1024,487,-2.688955213933525,0.9688176114206218,0.9619683015087045
1024,488,-2.657705213933525,0.9671761842278757,0.9602317520444495
1024,489,-2.626455213933525,0.9654663637776906,0.9584312819586682
1024,490,-2.595205213933525,0.9636863201189387,0.9565653316597547
1024,491,-2.563955213933525,0.9618342263779317,0.9546323414990717
1024,492,-2.532705213933525,0.9599082616403207,0.9526307537928284
1024,493,-2.501455213933525,0.9579066139152789,0.9505590149131891
1024,494,-2.470205213933525,0.9558274831769806,0.9484155774465663
1024,495,-2.438955213933525,0.9536690844780191,0.9461989024168005
1024,496,-2.407705213933525,0.9514296511290328,0.9439074615706802
1024,497,-2.376455213933525,0.9491074379384616,0.9415397397230107
1024,498,-2.345205213933525,0.9467007245060067,0.9390942371581837
1024,499,-2.313955213933525,0.9442078185630371,0.9365694720849559
1024,500,-2.282705213933525,0.941627059352881,0.9339639831408943
1024,501,-2.251455213933525,0.9389568210436324,0.9312763319427031
1024,502,-2.220205213933525,0.9361955161658404,0.9285051056784033
1024,503,-2.188955213933525,0.9333415990671797,0.9256489197371005
1024,504,-2.157705213933525,0.9303935693759763,0.9227064203718452
1024,505,-2.126455213933525,0.9273499754652449,0.9196762873908613
1024,506,-2.095205213933525,0.9242094179087127,0.9165572368722041
1024,507,-2.063955213933525,0.9209705529201404,0.9133480238966993
1024,508,-2.032705213933525,0.9176320957671196,0.910047445293807
1024,509,-2.001455213933525,0.914192824150416,0.9066543423948752
1024,510,-1.970205213933525,0.9106515815398593,0.9031676037880588
1024,511,-1.938955213933525,0.9070072804577185,0.8995861680690186
1024,512,-1.907705213933525,0.9032589057004989,0.8959090265813561
1024,513,-1.876455213933525,0.8994055174900999,0.8921352261406049
1024,514,-1.845205213933525,0.8954462545453188,0.8882638717354703
1024,515,-1.813955213933525,0.8913803370647664,0.8842941291998996
1024,516,-1.782705213933525,0.8872070696123571,0.8802252278494729
1024,517,-1.751455213933525,0.8829258438966843,0.8760564630755302
1024,518,-1.720205213933525,0.8785361414357568,0.8717871988903866
1024,519,-1.688955213933525,0.87403753609877,0.867416870416953
1024,520,-1.657705213933525,0.8694296965168239,0.8629449863160586
1024,521,-1.626455213933525,0.8647123883547544,0.8583711311447659
1024,522,-1.595205213933525,0.8598854764365391,0.8536949676389953
1024,523,-1.563955213933525,0.8549489267170571,0.8489162389138101
1024,524,-1.532705213933525,0.8499028080933284,0.8440347705747759
1024,525,-1.501455213933525,0.8447472940487334,0.8390504727338928
1024,526,-1.470205213933525,0.8394826641241107,0.8339633419236951
1024,527,-1.438955213933525,0.8341093052100551,0.828773462903247
1024,528,-1.407705213933525,0.8286277126551829,0.8234810103499011
1024,529,-1.376455213933525,0.8230384911855966,0.8180862504308594
1024,530,-1.345205213933525,0.8173423556312731,0.8125895422487637
1024,531,-1.313955213933525,0.8115401314555948,0.8069913391557508
1024,532,-1.282705213933525,0.8056327550847683,0.8012921899306443
1024,533,-1.251455213933525,0.7996212740344117,0.7954927398141978
1024,534,-1.220205213933525,0.7935068468311308,0.7895937313975843
1024,535,-1.188955213933525,0.7872907427274649,0.7835960053596134
1024,536,-1.157705213933525,0.7809743412091498,0.7775005010484646
1024,537,-1.126455213933525,0.7745591312942101,0.7713082569040572
1024,538,-1.095205213933525,0.7680467106239743,0.7650204107175224
1024,539,-1.063955213933525,0.761438784346677,0.7586381997245961
1024,540,-1.032705213933525,0.7547371637948901,0.7521629605301401
1024,541,-1.001455213933525,0.7479437649586037,0.7455961288613774
1024,542,-0.9702052139335251,0.7410606067563392,0.7389392391478387
1024,543,-0.9389552139335251,0.7340898091072429,0.7321939239264312
1024,544,-0.9077052139335251,0.7270335908076664,0.7253619130704662
1024,545,-0.8764552139335251,0.7198942672162756,0.7184450328419173
1024,546,-0.8452052139335251,0.7126742477522678,0.7114452047666288
1024,547,-0.8139552139335251,0.7053760332117892,0.7043644443326382
1024,548,-0.7827052139335251,0.6980022129081443,0.6972048595122401
1024,549,-0.7514552139335251,0.6905554616418732,0.6899686491088695
1024,550,-0.7202052139335251,0.683038536507231,0.6826581009303531
1024,551,-0.6889552139335251,0.6754542735420455,0.675275589790532
1024,552,-0.6577052139335251,0.6678055842283472,0.6678235753417254
1024,553,-0.6264552139335251,0.6600954518515567,0.6603045997409607
1024,554,-0.5952052139335251,0.6523269277263816,0.652721285153352
1024,555,-0.5639552139335251,0.6445031272979183,0.6450763310964567
1024,556,-0.5327052139335251,0.6366272261267607,0.6373725116298812
1024,557,-0.5014552139335251,0.6287024557672092,0.6296126723948421
1024,558,-0.4702052139335251,0.6207320995479164,0.6217997275088063
1024,559,-0.4389552139335251,0.6127194882645403,0.61393665632075
1024,560,-0.4077052139335251,0.6046679957941605,0.606026500032968
1024,561,-0.3764552139335251,0.5965810346413761,0.5980723581957502
1024,562,-0.3452052139335251,0.588462051426133,0.5900773850816063
1024,563,-0.3139552139335251,0.5803145223234262,0.5820447859460677
1024,564,-0.2827052139335251,0.5721419484650874,0.5739778131824244
1024,565,-0.2514552139335251,0.5639478513139001,0.565879762378065
1024,566,-0.2202052139335251,0.5557357680202895,0.557753968280374
1024,567,-0.1889552139335251,0.5475092467717994,0.549603800680404
1024,568,-0.1577052139335251,0.539271842145516,0.5414326602227878
1024,569,-0.1264552139335251,0.5310271104734973,0.5332439741505652
1024,570,-0.0952052139335251,0.5227786052311532,0.5250411919937977
1024,571,-0.0639552139335251,0.5145298724583723,0.516827781211007
1024,572,-0.0327052139335251,0.506284446223007,0.5086072227926142
1024,573,-0.0014552139335251013,0.4980458441361306,0.5003830068356695
1024,574,0.0297947860664749,0.48981756292824824,0.4921586280992476
1024,575,0.0610447860664749,0.48160307409538244,0.4839375815499391
1024,576,0.0922947860664749,0.47340581962368367,0.47572335790690284
1024,577,0.1235447860664749,0.4652292078009074,0.46751943919593925
1024,578,0.1547947860664749,0.4570766091227805,0.4593292943220222
1024,579,0.1860447860664749,0.44895135230193833,0.451156374669671
1024,580,0.2172947860664749,0.44085672038674983,0.44300410974046023
1024,581,0.2485447860664749,0.4327959469969773,0.4348759028368565
1024,582,0.2797947860664749,0.42477221268282206,0.42677512680143326
1024,583,0.3110447860664749,0.4167886414135019,0.4187051198203508
1024,584,0.3422947860664749,0.40884829720109445,0.4106691812997989
1024,585,0.3735447860664749,0.4009541808649475,0.40267056782388483
1024,586,0.4047947860664749,0.3931092269415267,0.3947124892022097
1024,587,0.4360447860664749,0.3853163007441277,0.3867981046151132
1024,588,0.4672947860664749,0.37757819557643013,0.37893051886428186
1024,589,0.4985447860664749,0.3698976301034229,0.3711127787361076
1024,590,0.5297947860664749,0.36227724588277604,0.36334786948485887
1024,591,0.5610447860664749,0.35471960505927747,0.35563871144237724
1024,592,0.5922947860664749,0.3472271882245058,0.34798815676065076
1024,593,0.6235447860664749,0.3398023924434553,0.3403989862932337
1024,594,0.6547947860664749,0.3324475294493836,0.3328739066210868
1024,595,0.6860447860664749,0.3251648240077143,0.32541554722800425
1024,596,0.7172947860664749,0.31795641244938894,0.31802645783037053
1024,597,0.7485447860664749,0.3108243413736368,0.3107091058655599
1024,598,0.7797947860664749,0.30377056651971646,0.30346587414284965
1024,599,0.8110447860664749,0.29679695180677146,0.2962990586602716
1024,600,0.8422947860664749,0.2899052685405511,0.2892108665903691
1024,601,0.8735447860664749,0.2830971947853619,0.28220341443737124
1024,602,0.9047947860664749,0.2763743148992457,0.2752787263678343
1024,603,0.9360447860664749,0.26973811923002544,0.2684387327163361
1024,604,0.9672947860664749,0.2631900039695205,0.26168526866735076
1024,605,0.9985447860664749,0.2567312711629054,0.255020073113968
1024,606,1.029794786066475,0.2503631288698819,0.24844478769366812
1024,607,1.061044786066475,0.24408669147404052,0.2419609560009094
1024,608,1.092294786066475,0.2379029801365155,0.23557002297584462
1024,609,1.123544786066475,0.23181292338978077,0.2292733344680407
1024,610,1.154794786066475,0.22581735786719792,0.22307213697365424
1024,611,1.186044786066475,0.21991702916370803,0.2169675775440943
1024,612,1.217294786066475,0.2141125928228598,0.2109607038638016
1024,613,1.248544786066475,0.20840461544518385,0.20505246449438008
1024,614,1.279794786066475,0.20279357591276295,0.19924370928194024
1024,615,1.311044786066475,0.19727986672470235,0.19353518992414892
1024,616,1.342294786066475,0.1918637954380813,0.1879275606931387
1024,617,1.373544786066475,0.18654558620885967,0.18242137931009378
1024,618,1.404794786066475,0.1813253814271269,0.17701710796702608
1024,619,1.436044786066475,0.1762032434410098,0.17171511449095583
1024,620,1.467294786066475,0.17117915636350506,0.16651567364544245
1024,621,1.498544786066475,0.16625302795646713,0.16141896856415588
1024,622,1.529794786066475,0.16142469158596434,0.1564250923109458
1024,623,1.561044786066475,0.15669390824321625,0.15153404956065564
1024,624,1.592294786066475,0.15206036862533906,0.14674575839473397
1024,625,1.623544786066475,0.1475236952701562,0.1420600522055308
1024,626,1.654794786066475,0.14308344473937717,0.13747668170301275
1024,627,1.686044786066475,0.13873910984450533,0.13299531701750905
1024,628,1.717294786066475,0.13449012190990992,0.12861554989199114
1024,629,1.748544786066475,0.13033585306758078,0.12433689595730901
1024,630,1.779794786066475,0.1262756185781842,0.12015879708373844
1024,631,1.811044786066475,0.12230867917314503,0.11608062380215994
1024,632,1.842294786066475,0.11843424341260143,0.11210167778815988
1024,633,1.873544786066475,0.11465147005420695,0.10822119440235256
1024,634,1.904794786066475,0.11095947042789425,0.1044383452802311
1024,635,1.936044786066475,0.107357310811861,0.10075224096490237
1024,636,1.967294786066475,0.10384401480519356,0.09716193357611064
1024,637,1.998544786066475,0.10041856569270552,0.0936664195090331
1024,638,2.029794786066475,0.097079908797736,0.09026464215641966
1024,639,2.061044786066475,0.09382695381882543,0.08695549464776026
1024,640,2.092294786066475,0.09065857714636481,0.0837378225992853
1024,641,2.123544786066475,0.08757362415549541,0.08061042686874231
1024,642,2.154794786066475,0.08457091147172169,0.07757206630904842
1024,643,2.186044786066475,0.08164922920588724,0.0746214605150809
1024,644,2.217294786066475,0.07880734315535307,0.07175729255804751
1024,645,2.248544786066475,0.07604399696840819,0.06897821170206789
1024,646,2.279794786066475,0.07335791426913424,0.06628283609779681
1024,647,2.311044786066475,0.07074780074013629,0.06366975544812854
1024,648,2.342294786066475,0.06821234616074365,0.06113753364124064
1024,649,2.373544786066475,0.06575022639847367,0.05868471134645754
1024,650,2.404794786066475,0.0633601053517395,0.056309808568649505
1024,651,2.436044786066475,0.061040636841969156,0.0540113271571144
1024,652,2.467294786066475,0.05879046645348583,0.05178775326513541
1024,653,2.498544786066475,0.05660823331968032,0.049637559756649394
1024,654,2.529794786066475,0.05449257185418282,0.04755920855670948
1024,655,2.561044786066475,0.05244211342591447,0.045551152942673714
1024,656,2.592294786066475,0.05045548797706791,0.04361183977330178
1024,657,2.623544786066475,0.04853132558323028,0.04173971165319177
1024,658,2.654794786066475,0.04666825795502161,0.039933209030237005
1024,659,2.686044786066475,0.0448649198807763,0.03819077222403101
1024,660,2.717294786066475,0.04311995060994392,0.036510843383392944
1024,661,2.748544786066475,0.04143199517702999,0.034891868371427576
1024,662,2.779794786066475,0.039799705666034725,0.033332298576771266
1024,663,2.811044786066475,0.03822174241548029,0.03183059264990891
1024,664,2.842294786066475,0.03669677516424308,0.030385218163674486
1024,665,2.873544786066475,0.03522348413852778,0.028994653197270275
1024,666,2.904794786066475,0.033800561080433965,0.027657387843355218
1024,667,2.936044786066475,0.03242671021867362,0.026371925637963724
1024,668,2.967294786066475,0.031100649182099926,0.02513678491321571
1024,669,2.998544786066475,0.029821109856802593,0.023950500072975868
1024,670,3.029794786066475,0.028586839187614493,0.022811622791804383
1024,671,3.061044786066475,0.02739659992495725,0.021718723137721475
1024,672,3.092294786066475,0.026249171318030184,0.020670390619475894
1024,673,3.123544786066475,0.025143349755417925,0.019665235159170662
1024,674,3.154794786066475,0.024077949354256823,0.018701887991248934
1024,675,3.186044786066475,0.023051802499159148,0.017779002488988217
1024,676,3.217294786066475,0.022063760332147325,0.01689525491978294
1024,677,3.248544786066475,0.021112693194897957,0.016049345130620795
1024,678,3.279794786066475,0.020197491024637505,0.015239997165273361
1024,679,3.311044786066475,0.01931706370506815,0.0144659598148273
1024,680,3.342294786066475,0.018470341373733837,0.013726007103278762
1024,681,3.373544786066475,0.01765627468726323,0.013018938710001779
1024,682,3.404794786066475,0.01687383504594759,0.012343580330979069
1024,683,3.436044786066475,0.01612201477912903,0.011698783980753838
1024,684,3.467294786066475,0.01539982729288666,0.011083428237121365
1024,685,3.498544786066475,0.014706307181516842,0.010496418430631498
1024,686,3.529794786066475,0.014040510304307462,0.009936686781017105
1024,687,3.561044786066475,0.013401513829106785,0.009403192482698827
1024,688,3.592294786066475,0.012788416244183707,0.008894921741544437
1024,689,3.623544786066475,0.012200337339869471,0.008410887765081308
1024,690,3.654794786066475,0.01163641816146066,0.007950130708373164
1024,691,3.686044786066475,0.011095820934849877,0.007511717577778003
1024,692,3.717294786066475,0.010577728966334483,0.007094742094803634
1024,693,3.748544786066475,0.010081346518034655,0.006698324522269298
1024,694,3.779794786066475,0.009605898660330868,0.006321611454968981
1024,695,3.811044786066475,0.009150631102707012,0.005963775577012822
1024,696,3.842294786066475,0.008714810004359617,0.005624015387998469
1024,697,3.873544786066475,0.00829772176590594,0.005301554900134825
1024,698,3.904794786066475,0.007898672803494121,0.004995643308406616
1024,699,3.936044786066475,0.007516989306587547,0.004705554635829288
1024,700,3.967294786066475,0.00715201698066315,0.00443058735580183
1024,701,3.998544786066475,0.006803120776029543,0.004170063993518536
1024,702,4.029794786066475,0.0064696846039362585,0.003923330708351456
1024,703,4.061044786066475,0.006151111041109513,0.0036897568590629408
1024,704,4.092294786066475,0.005846821023813548,0.0034687345536525936
1024,705,4.123544786066475,0.005556253532499406,0.0032596781855854253
1024,706,4.154794786066475,0.005278865268065496,0.0030620239580889663
1024,707,4.186044786066475,0.005014130320716228,0.0028752293981457026
1024,708,4.217294786066475,0.004761539832366914,0.002698772861744847
1024,709,4.248544786066475,0.004520601653504711,0.00253215303189385
1024,710,4.279794786066475,0.004290839995377103,0.002374888410825586
1024,711,4.311044786066475,0.004071795078341158,0.0022265168077719513
1024,712,4.342294786066475,0.003863022777168752,0.0020865948236094174
1024,713,4.373544786066475,0.0036640942640651644,0.0019546973336162935
1024,714,4.404794786066475,0.0034745956501210764,0.0018304169695162805
1024,715,4.436044786066475,0.003294127625881013,0.0017133636019176018
1024,716,4.467294786066475,0.0031223051016748527,0.0016031638241924965
1024,717,4.498544786066475,0.0029587568483231824,0.00149946043877794
1024,718,4.529794786066475,0.00280312513879203,0.0014019119468155262
1024,719,4.561044786066475,0.0026550653913380573,0.0013101920419862718
1024,720,4.592294786066475,0.0025142458146515025,0.0012239891093355254
1024,721,4.623544786066475,0.00238034705547122,0.0011430057298234039
1024,722,4.654794786066475,0.0022530618491140523,0.0010669581912782704
1024,723,4.686044786066475,0.0021320946733295104,0.0009955760063741232
1024,724,4.717294786066475,0.0020171614058604034,0.0009286014381978225
1024,725,4.748544786066475,0.0019079889860606257,0.0008657890339188239
1024,726,4.779794786066475,0.0018043150808928381,0.0008069051670227308
1024,727,4.811044786066475,0.0017058877556012848,0.0007517275885202057
1024,728,4.842294786066475,0.0016124651493284316,0.0007000449874951744
1024,729,4.873544786066475,0.0015238151559185831,0.0006516565613103681
1024,730,4.904794786066475,0.0014397151101270757,0.0006063715957444312
1024,731,4.936044786066475,0.0013599514794300782,0.0005640090552929634
1024,732,4.967294786066475,0.0012843195616074818,0.0005243971838259509
1024,733,4.998544786066475,0.001212623188249768,0.00048737311575617427
4096,2101,-2.98728542786705,0.9785433951556148,0.9756276207716083
4096,2102,-2.97166042786705,0.9779766921810658,0.9750318423193315
4096,2103,-2.95603542786705,0.9773975818597069,0.9744239010174814
4096,2104,-2.94041042786705,0.9768058667559418,0.9738036144768449
4096,2105,-2.92478542786705,0.9762013482654466,0.9731707992546417
4096,2106,-2.90916042786705,0.9755838266610588,0.972525270892252
4096,2107,-2.89353542786705,0.9749531011401011,0.9718668439541444
4096,2108,-2.87791042786705,0.9743089698731368,0.9711953320680026
4096,2109,-2.86228542786705,0.9736512300541589,0.9705105479660577
4096,2110,-2.84666042786705,0.9729796779522084,0.969812303527626
4096,2111,-2.83103542786705,0.9722941089644208,0.9691004098228532
4096,2112,-2.81541042786705,0.9715943176704949,0.9683746771576648
4096,2113,-2.79978542786705,0.970880097888579,0.9676349151199259
4096,2114,-2.78416042786705,0.9701512427325704,0.9668809326268032
4096,2115,-2.76853542786705,0.9694075446708165,0.9661125379733324
4096,2116,-2.75291042786705,0.968648795586214,0.9653295388821858
4096,2117,-2.73728542786705,0.9678747868376916,0.9645317425546356
4096,2118,-2.72166042786705,0.9670853093230702,0.9637189557227113
4096,2119,-2.70603542786705,0.9662801535432848,0.9628909847025426
4096,2120,-2.69041042786705,0.9654591096679557,0.9620476354488838
4096,2121,-2.67478542786705,0.9646219676022987,0.9611887136108109
4096,2122,-2.65916042786705,0.9637685170553529,0.9603140245885857
4096,2123,-2.64353542786705,0.9628985476095131,0.9594233735916753
4096,2124,-2.62791042786705,0.9620118487913483,0.9585165656979187
4096,2125,-2.61228542786705,0.9611082101436881,0.9575934059138301
4096,2126,-2.59666042786705,0.9601874212989547,0.9566536992360264
4096,2127,-2.58103542786705,0.9592492720537208,0.9556972507137662
4096,2128,-2.56541042786705,0.9582935524444707,0.9547238655125875
4096,2129,-2.54978542786705,0.9573200528245405,0.9537333489790294
4096,2130,-2.53416042786705,0.9563285639422114,0.9527255067064219
4096,2131,-2.51853542786705,0.9553188770199337,0.951700144601728
4096,2132,-2.50291042786705,0.9542907838346464,0.9506570689534206
4096,2133,-2.48728542786705,0.953244076799175,0.9495960865003747
4096,2134,-2.47166042786705,0.9521785490446659,0.9485170045017588
4096,2135,-2.45603542786705,0.951093994504036,0.9474196308079001
4096,2136,-2.44041042786705,0.9499902079963986,0.9463037739321082
4096,2137,-2.42478542786705,0.9488669853124381,0.94516924312343
4096,2138,-2.40916042786705,0.9477241233006923,0.9440158484403152
4096,2139,-2.39353542786705,0.9465614199547148,0.9428434008251684
4096,2140,-2.37791042786705,0.9453786745010726,0.9416517121797612
4096,2141,-2.36228542786705,0.944175687488148,0.9404405954414783
4096,2142,-2.34666042786705,0.9429522608756999,0.9392098646603729
4096,2143,-2.33103542786705,0.9417081981251509,0.937959335077
4096,2144,-2.31541042786705,0.9404433042905511,0.9366888232010002
4096,2145,-2.29978542786705,0.9391573861101853,0.9353981468904048
4096,2146,-2.28416042786705,0.9378502520987719,0.9340871254316299
4096,2147,-2.26853542786705,0.936521712640217,0.9327555796201278
4096,2148,-2.25291042786705,0.9351715800808716,0.9314033318416642
4096,2149,-2.23728542786705,0.9337996688232512,0.9300302061541859
4096,2150,-2.22166042786705,0.9324057954201664,0.9286360283702446
4096,2151,-2.20603542786705,0.930989778669221,0.9272206261399434
4096,2152,-2.19041042786705,0.9295514397076222,0.9257838290343664
4096,2153,-2.17478542786705,0.9280906021072615,0.9243254686294564
4096,2154,-2.15916042786705,0.9266070919700071,0.9228453785903019
4096,2155,-2.14353542786705,0.9251007380231625,0.9213433947557939
4096,2156,-2.12791042786705,0.9235713717150362,0.9198193552236151
4096,2157,-2.11228542786705,0.9220188273105703,0.918273100435516
4096,2158,-2.09666042786705,0.9204429419869734,0.9167044732628429
4096,2159,-2.08103542786705,0.9188435559293058,0.9151133190922702
4096,2160,-2.06541042786705,0.9172205124259584,0.913499485911698
4096,2161,-2.04978542786705,0.915573657963973,0.9118628243962672
4096,2162,-2.03416042786705,0.9139028423241461,0.9102031879944541
4096,2163,-2.01853542786705,0.9122079186758593,0.9085204330141922
4096,2164,-2.00291042786705,0.9104887436715793,0.9068144187089808
4096,2165,-1.9872854278670502,0.908745177540972,0.9050850073639332
4096,2166,-1.9716604278670502,0.9069770841845677,0.9033320643817141
4096,2167,-1.9560354278670502,0.9051843312669249,0.9015554583683254
4096,2168,-1.9404104278670502,0.9033667903092282,0.8997550612186846
4096,2169,-1.9247854278670502,0.901524336781266,0.8979307482019541
4096,2170,-1.9091604278670502,0.8996568501927258,0.8960823980465673
4096,2171,-1.8935354278670502,0.8977642141837479,0.8942098930249063
4096,2172,-1.8779104278670502,0.8958463166146795,0.8923131190375773
4096,2173,-1.8622854278670502,0.8939030496549674,0.8903919656972357
4096,2174,-1.8466604278670502,0.8919343098711301,0.8884463264119105
4096,2175,-1.8310354278670502,0.8899399983137514,0.8864760984677753
4096,2176,-1.8154104278670502,0.8879200206034312,0.8844811831113162
4096,2177,-1.7997854278670502,0.8858742870156391,0.8824614856308431
4096,2178,-1.7841604278670502,0.8838027125644073,0.8804169154372955
4096,2179,-1.7685354278670502,0.8817052170848051,0.8783473861442878
4096,2180,-1.7529104278670502,0.879581725314135,0.876252815647343
4096,2181,-1.7372854278670502,0.8774321669717928,0.874133126202264
4096,2182,-1.7216604278670502,0.8752564768377312,0.8719882445025877
4096,2183,-1.7060354278670502,0.8730545948294705,0.8698181017560701
4096,2184,-1.6904104278670502,0.8708264660775967,0.8676226337601523
4096,2185,-1.6747854278670502,0.8685720409996924,0.8654017809763506
4096,2186,-1.6591604278670502,0.8662912753726403,0.863155488603524
4096,2187,-1.6435354278670502,0.863984130403246,0.8608837066499601
4096,2188,-1.6279104278670502,0.8616505727971224,0.8585863900042339
4096,2189,-1.6122854278670502,0.859290574825783,0.8562634985047834
4096,2190,-1.5966604278670502,0.8569041143918864,0.8539149970081521
4096,2191,-1.5810354278670502,0.8544911750925831,0.851540855455846
4096,2192,-1.5654104278670502,0.8520517462809073,0.8491410489397548
4096,2193,-1.5497854278670502,0.8495858231251656,0.8467155577660879
4096,2194,-1.5341604278670502,0.8470934066662696,0.8442643675177702
4096,2195,-1.5185354278670502,0.8445745038729633,0.8417874691152545
4096,2196,-1.5029104278670502,0.8420291276948962,0.8392848588756957
4096,2197,-1.4872854278670502,0.8394572971134939,0.8367565385704399
4096,2198,-1.4716604278670502,0.8368590371905809,0.8342025154807817
4096,2199,-1.4560354278670502,0.8342343791147069,0.8316228024519385
4096,2200,-1.4404104278670502,0.8315833602451365,0.8290174179451981
4096,2201,-1.4247854278670502,0.8289060241534547,0.8263863860881917
4096,2202,-1.4091604278670502,0.8262024206627493,0.8237297367232459
4096,2203,-1.3935354278670502,0.8234726058843281,0.8210475054537727
4096,2204,-1.3779104278670502,0.8207166422519326,0.818339733688646
4096,2205,-1.3622854278670502,0.8179345985534086,0.8156064686845317
4096,2206,-1.3466604278670502,0.8151265499597999,0.8128477635861193
4096,2207,-1.3310354278670502,0.8122925780518278,0.81006367746422
4096,2208,-1.3154104278670502,0.8094327708437224,0.8072542753516889
4096,2209,-1.2997854278670502,0.8065472228043784,0.8044196282771319
4096,2210,-1.2841604278670502,0.8036360348757983,0.8015598132963588
4096,2211,-1.2685354278670502,0.8006993144887993,0.7986749135215471
4096,2212,-1.2529104278670502,0.7977371755759551,0.7957650181480771
4096,2213,-1.2372854278670502,0.7947497385817467,0.792830222479009
4096,2214,-1.2216604278670502,0.7917371304698988,0.7898706279471615
4096,2215,-1.2060354278670502,0.7886994847278807,0.7868863421347652
4096,2216,-1.1904104278670502,0.7856369413685494,0.7838774787906564
4096,2217,-1.1747854278670502,0.7825496469289192,0.7808441578449834
4096,2218,-1.1591604278670502,0.7794377544660374,0.7777865054213953
4096,2219,-1.1435354278670502,0.7763014235499559,0.7747046538466867
4096,2220,-1.1279104278670502,0.7731408202537811,0.7715987416578739
4096,2221,-1.1122854278670502,0.7699561171407934,0.768468913606676
4096,2222,-1.0966604278670502,0.7667474932486279,0.7653153206613799
4096,2223,-1.0810354278670502,0.7635151340705064,0.7621381200060676
4096,2224,-1.0654104278670502,0.7602592315335165,0.7589374750371858
4096,2225,-1.0497854278670502,0.7569799839739354,0.7557135553574388
4096,2226,-1.0341604278670502,0.7536775961095948,0.75246653676699
4096,2227,-1.0185354278670502,0.7503522790092879,0.7491966012519555
4096,2228,-1.0029104278670502,0.7470042500592222,0.7459039369701759
4096,2229,-0.9872854278670502,0.7436337329265204,0.7425887382342571
4096,2230,-0.9716604278670502,0.7402409575197763,0.7392512054918665
4096,2231,-0.9560354278670502,0.7368261599466753,0.7358915453032795
4096,2232,-0.9404104278670502,0.733389582468687,0.7325099703161666
4096,2233,-0.9247854278670502,0.7299314734528446,0.7291066992376187
4096,2234,-0.9091604278670502,0.7264520873206232,0.7256819568034061
4096,2235,-0.8935354278670502,0.722951684493935,0.7222359737444688
4096,2236,-0.8779104278670502,0.7194305313382582,0.718768986750641
4096,2237,-0.8622854278670502,0.7158889001029181,0.7152812384316085
4096,2238,-0.8466604278670502,0.7123270688585472,0.7117729772751056
4096,2239,-0.8310354278670502,0.7087453214317421,0.7082444576023553
4096,2240,-0.8154104278670502,0.7051439473369466,0.7046959395207618
4096,2241,-0.7997854278670502,0.7015232417055891,0.7011276888738621
4096,2242,-0.7841604278670502,0.6978835052125005,0.6975399771885503
4096,2243,-0.7685354278670502,0.6942250439996482,0.693933081619586
4096,2244,-0.7529104278670502,0.6905481695972149,0.6903072848914011
4096,2245,-0.7372854278670502,0.686853198842062,0.6866628752372227
4096,2246,-0.7216604278670502,0.6831404537936112,0.6830001463355289
4096,2247,-0.7060354278670502,0.6794102616471831,0.6793193972438586
4096,2248,-0.6904104278670502,0.6756629546448361,0.6756209323299969
4096,2249,-0.6747854278670502,0.6718988699837425,0.6719050612005584
4096,2250,-0.6591604278670502,0.6681183497221528,0.6681720986269966
4096,2251,-0.6435354278670502,0.6643217406829853,0.6644223644690626
4096,2252,-0.6279104278670502,0.6605093943550961,0.6606561835957467
4096,2253,-0.6122854278670502,0.6566816667922721,0.6568738858037292
4096,2254,-0.5966604278670502,0.652838918510001,0.6530758057333746
4096,2255,-0.5810354278670502,0.6489815143800677,0.6492622827823051
4096,2256,-0.5654104278670502,0.6451098235230335,0.6454336610165852
4096,2257,-0.5497854278670502,0.6412242191986484,0.6415902890795583
4096,2258,-0.5341604278670502,0.6373250786942566,0.637732520098373
4096,2259,-0.5185354278670502,0.6334127832112508,0.6338607115882395
4096,2260,-0.5029104278670502,0.6294877177496345,0.6299752253544593
4096,2261,-0.4872854278670502,0.6255502709907526,0.6260764273922713
4096,2262,-0.4716604278670502,0.62160083517825,0.622164687784561
4096,2263,-0.4560354278670502,0.617639805997326,0.6182403805974779
4096,2264,-0.4404104278670502,0.6136675824523397,0.6143038837740116
4096,2265,-0.4247854278670502,0.6096845667428386,0.610355579025575
4096,2266,-0.4091604278670502,0.6056911641380736,0.6063958517216473
4096,2267,-0.3935354278670502,0.6016877828500657,0.6024250907775281
4096,2268,-0.3779104278670502,0.5976748339052949,0.5984436885402585
4096,2269,-0.3622854278670502,0.5936527310150773,0.594452040672763
4096,2270,-0.3466604278670502,0.5896218904447026,0.59045054603627
4096,2271,-0.3310354278670502,0.5855827308813994,0.5864396065710691
4096,2272,-0.3154104278670502,0.5815356733012024,0.5824196271756633
4096,2273,-0.2997854278670502,0.5774811408347899,0.5783910155843777
4096,2274,-0.2841604278670502,0.5734195586323666,0.5743541822434854
4096,2275,-0.2685354278670502,0.5693513537276635,0.5703095401859143
4096,2276,-0.2529104278670502,0.5652769549011284,0.5662575049045964
4096,2277,-0.2372854278670502,0.5611967925423795,0.562198494224527
4096,2278,-0.2216604278670502,0.5571112985120004,0.5581329281735968
4096,2279,-0.2060354278670502,0.5530209060027451,0.5540612288522658
4096,2280,-0.1904104278670502,0.5489260494002343,0.5499838203021442
4096,2281,-0.1747854278670502,0.5448271641432122,0.5459011283735491
4096,2282,-0.1591604278670502,0.5407246865834442,0.5418135805921079
4096,2283,-0.1435354278670502,0.5366190538453272,0.5377216060244746
4096,2284,-0.1279104278670502,0.5325107036852897,0.5336256351432319
4096,2285,-0.1122854278670502,0.5284000743510575,0.529526099691049
4096,2286,-0.0966604278670502,0.5242876044408589,0.525423432544167
4096,2287,-0.0810354278670502,0.5201737327626461,0.5213180675752823
4096,2288,-0.0654104278670502,0.5160588981934078,0.5172104395159037
4096,2289,-0.0497854278670502,0.5119435395386471,0.5131009838182515
4096,2290,-0.0341604278670502,0.5078280953921004,0.5089901365167758
4096,2291,-0.018535427867050203,0.5037130039957708,0.5048783340893651
4096,2292,-0.0029104278670502026,0.49959870310035065,0.500766013318319
4096,2293,0.012714572132949797,0.49548562982610617,0.4966536111511603
4096,2294,0.028339572132949797,0.4913742205242976,0.49254156456135767
4096,2295,0.0439645721329498,0.4872649106392073,0.4884303104090363
4096,2296,0.0595895721329498,0.48315813457084716,0.4843202853017477
4096,2297,0.0752145721329498,0.47905432553841754,0.48021192545537367
4096,2298,0.0908395721329498,0.4749539154445874,0.476105666555239
4096,2299,0.1064645721329498,0.4708573347406655,0.472001943617505
4096,2300,0.1220895721329498,0.46676501229273226,0.46790119085091897
4096,2301,0.1377145721329498,0.46267737524880004,0.4638038415189917
4096,2302,0.1533395721329498,0.4585948489070686,0.4597103278026762
4096,2303,0.1689645721329498,0.4545178565853428,0.455621080663621
4096,2304,0.1845895721329498,0.4504468194916781,0.45153652970806846
4096,2305,0.2002145721329498,0.446382156596316,0.44745710305147157
4096,2306,0.2158395721329498,0.44232428450497674,0.44338322718389866
4096,2307,0.2314645721329498,0.43827361733356607,0.43931532683629815
4096,2308,0.2470895721329498,0.4342305665843621,0.4352538248476919
4096,2309,0.2627145721329498,0.4301955410237383,0.4311991420333667
4096,2310,0.2783395721329498,0.4261689465614831,0.4271516970541331
4096,2311,0.2939645721329498,0.4221511861317727,0.4231119062867181
4096,2312,0.3095895721329498,0.41814265957585306,0.4190801836953594
4096,2313,0.3252145721329498,0.41414376352648546,0.41505694070466675
4096,2314,0.3408395721329498,0.4101548912942097,0.41104258607381544
4096,2315,0.3564645721329498,0.40617643275547477,0.4070375257721361
4096,2316,0.3720895721329498,0.40220877424269036,0.4030421628561636
4096,2317,0.3877145721329498,0.39825229843624504,0.39905689734820765
4096,2318,0.4033395721329498,0.39430738425854034,0.39508212611650456
4096,2319,0.4189645721329498,0.3903744067700862,0.3911182427570116
4096,2320,0.4345895721329498,0.3864537370677021,0.3871656374769009
4096,2321,0.4502145721329498,0.38254574218486553,0.38322469697981115
4096,2322,0.4658395721329498,0.3786507849942518,0.3792958043529123
4096,2323,0.4814645721329498,0.37476922411250096,0.375379338955839
4096,2324,0.4970895721329498,0.3709014138072531,0.37147567631154466
4096,2325,0.5127145721329498,0.36704770390648567,0.367585187999129
4096,2326,0.5283395721329498,0.3632084397101895,0.36370824154868964
4096,2327,0.5439645721329498,0.35938396190441496,0.3598452003382465
4096,2328,0.5595895721329498,0.3555746064777201,0.35599642349278604
4096,2329,0.5752145721329498,0.3517807046400502,0.35216226578547233
4096,2330,0.5908395721329498,0.34800258274407636,0.3483430775410694
4096,2331,0.6064645721329498,0.34424056220901966,0.3445392045416166
4096,2332,0.6220895721329498,0.34049495944698427,0.3407509879343997
4096,2333,0.6377145721329498,0.336766085791823,0.33697876414225714
4096,2334,0.6533395721329498,0.3330542474305559,0.3332228647762585
4096,2335,0.6689645721329498,0.329359745337361,0.32948361655079283
4096,2336,0.6845895721329498,0.3256828752101539,0.32576134120110123
4096,2337,0.7002145721329498,0.3220239274097729,0.322056355403286
4096,2338,0.7158395721329498,0.3183831869017831,0.31836897069682846
4096,2339,0.7314645721329498,0.31476093320091114,0.314699493409645
4096,2340,0.7470895721329498,0.31115744031812154,0.3110482245857083
4096,2341,0.7627145721329498,0.3075729767103433,0.30741545991526054
4096,2342,0.7783395721329498,0.30400780523285287,0.30380148966764287
4096,2343,0.7939645721329498,0.30046218309432043,0.30020659862676313
4096,2344,0.8095895721329498,0.29693636181452077,0.2966310660292228
4096,2345,0.8252145721329498,0.2934305871847126,0.2930751655051218
4096,2346,0.8408395721329498,0.28994509923068534,0.2895391650215592
4096,2347,0.8564645721329498,0.286480132178472,0.28602332682884346
4096,2348,0.8720895721329498,0.28303591442272547,0.28252790740942724
4096,2349,0.8877145721329498,0.2796126684977528,0.27905315742957737
4096,2350,0.9033395721329498,0.2762106110512016,0.2755993216937904
4096,2351,0.9189645721329498,0.27282995282039013,0.2721666391019618
4096,2352,0.9345895721329498,0.26947089861127216,0.2687553426093148
4096,2353,0.9502145721329498,0.26613364728002437,0.265365659189093
4096,2354,0.9658395721329498,0.26281839171724486,0.26199780979802106
4096,2355,0.9814645721329498,0.2595253188347479,0.2586520093445318
4096,2356,0.9970895721329498,0.25625460955493895,0.25532846665976117
4096,2357,1.0127145721329498,0.2530064388027541,0.2520273844713073
4096,2358,1.0283395721329498,0.24978097550014405,0.24874895937974945
4096,2359,1.0439645721329498,0.2465783825630834,0.2454933818379212
4096,2360,1.0595895721329498,0.2433988169010837,0.24226083613292915
4096,2361,1.0752145721329498,0.24024242941918764,0.2390515003709094
4096,2362,1.0908395721329498,0.2371093650224206,0.23586554646450786
4096,2363,1.1064645721329498,0.23399976262267405,0.23270314012307547
4096,2364,1.1220895721329498,0.230913755147994,0.22956444084555966
4096,2365,1.1377145721329498,0.2278514695542477,0.2264496019160791
4096,2366,1.1533395721329498,0.2248130268391384,0.2233587704021633
4096,2367,1.1689645721329498,0.22179854205853916,0.22029208715563686
4096,2368,1.1845895721329498,0.2188081243451139,0.21724968681612922
4096,2369,1.2002145721329498,0.2158418769291935,0.21423169781718648
4096,2370,1.2158395721329498,0.21289989716187352,0.21123824239496203
4096,2371,1.2314645721329498,0.20998227654029958,0.208269436599461
4096,2372,1.2470895721329498,0.2070891007351043,0.20532539030831204
4096,2373,1.2627145721329498,0.20422044961996022,0.20240620724303737
4096,2374,1.2783395721329498,0.20137639730321094,0.1995119849877936
4096,2375,1.2939645721329498,0.1985570121615429,0.1966428150105511
4096,2376,1.3095895721329498,0.19576235687565818,0.19379878268668088
4096,2377,1.3252145721329498,0.19299248846790945,0.1909799673249154
4096,2378,1.3408395721329498,0.1902474583418559,0.18818644219564906
4096,2379,1.3564645721329498,0.187527312323699,0.18541827456154275
4096,2380,1.3720895721329498,0.184832090705557,0.18267552571039547
4096,2381,1.3877145721329498,0.1821618282905343,0.17995825099024587
4096,2382,1.4033395721329498,0.17951655443954362,0.1772664998466642
4096,2383,1.4189645721329498,0.17689629311983712,0.17460031586219438
4096,2384,1.4345895721329498,0.1743010629552016,0.1719597367979066
4096,2385,1.4502145721329498,0.1717308772777736,0.16934479463701685
4096,2386,1.4658395721329498,0.1691857441814292,0.16675551563053187
4096,2387,1.4814645721329498,0.16666566657670248,0.1641919203448754
4096,2388,1.4970895721329498,0.16417064224718722,0.1616540237114507
4096,2389,1.5127145721329498,0.16170066390737498,0.15914183507809543
4096,2390,1.5283395721329498,0.1592557192618834,0.15665535826238058
4096,2391,1.5439645721329498,0.15683579106602732,0.1541945916067095
4096,2392,1.5595895721329498,0.15444085718768605,0.15175952803516696
4096,2393,1.5752145721329498,0.15207089067041898,0.14935015511207184
4096,2394,1.5908395721329498,0.14972585979778275,0.14696645510218426
4096,2395,1.6064645721329498,0.1474057281588013,0.14460840503251793
4096,2396,1.6220895721329498,0.14511045471454243,0.1422759767557082
4096,2397,1.6377145721329498,0.14283999386575175,0.13996913701488545
4096,2398,1.6533395721329498,0.14059429552149738,0.1376878475100034
4096,2399,1.6689645721329498,0.13837330516877705,0.13543206496557164
4096,2400,1.6845895721329498,0.1361769639430399,0.13320174119974043
4096,2401,1.7002145721329498,0.13400520869957572,0.13099682319468708
4096,2402,1.7158395721329498,0.13185797208572375,0.12881725316825177
4096,2403,1.7314645721329498,0.12973518261385392,0.12666296864677018
4096,2404,1.7470895721329498,0.1276367647350734,0.12453390253905194
4096,2405,1.7627145721329498,0.12556263891361108,0.12242998321145154
4096,2406,1.7783395721329498,0.12351272170183392,0.12035113456397989
4096,2407,1.7939645721329498,0.12148692581584823,0.11829727610740443
4096,2408,1.8095895721329498,0.1194851602116398,0.11626832304128365
4096,2409,1.8252145721329498,0.11750733016170722,0.1142641863328861
4096,2410,1.8408395721329498,0.11555333733214287,0.11228477279694038
4096,2411,1.8564645721329498,0.11362307986011641,0.110329985176162
4096,2412,1.8720895721329498,0.11171645243171605,0.10839972222250915
4096,2413,1.8877145721329498,0.10983334636010372,0.1064938787791116
4096,2414,1.9033395721329498,0.1079736496639399,0.10461234586282342
4096,2415,1.9189645721329498,0.10613724714603484,0.10275501074734678
4096,2416,1.9345895721329498,0.10432402047218403,0.10092175704687617
4096,2417,1.9502145721329498,0.10253384825014461,0.09911246480021296
4096,2418,1.9658395721329498,0.10076660610871187,0.09732701055529841
4096,2419,1.9814645721329498,0.09902216677685428,0.09556526745411559
4096,2420,1.9970895721329498,0.09730040016286663,0.09382710531791172
4096,2421,2.01271457213295,0.0956011734335011,0.09211239073269006
4096,2422,2.02833957213295,0.09392435109303737,0.09042098713492303
4096,2423,2.04396457213295,0.09226979506225266,0.0887527548974395
4096,2424,2.05958957213295,0.09063736475725392,0.08710755141543686
4096,2425,2.07521457213295,0.08902691716813486,0.08548523119257267
4096,2426,2.09083957213295,0.08743830693742095,0.0838856459270868
4096,2427,2.10646457213295,0.08587138643826674,0.08230864459791176
4096,2428,2.12208957213295,0.0843260058523701,0.08075407355072212
4096,2429,2.13771457213295,0.08280201324756904,0.07922177658388152
4096,2430,2.15333957213295,0.08129925465508714,0.07771159503424156
4096,2431,2.16896457213295,0.07981757414639497,0.07622336786275033
4096,2432,2.18458957213295,0.07835681390965499,0.07475693173982786
4096,2433,2.20021457213295,0.07691681432571865,0.07331212113046677
4096,2434,2.21583957213295,0.07549741404364502,0.07188876837901735
4096,2435,2.23146457213295,0.07409845005571108,0.07048670379361725
4096,2436,2.24708957213295,0.07271975777188475,0.06910575573022601
4096,2437,2.26271457213295,0.07136117109373219,0.06774575067622603
4096,2438,2.27833957213295,0.07002252248773216,0.06640651333355346
4096,2439,2.29396457213295,0.06870364305797075,0.06508786670132047
4096,2440,2.30958957213295,0.06740436261819069,0.0637896321578948
4096,2441,2.32521457213295,0.06612450976317041,0.06251162954240061
4096,2442,2.34083957213295,0.06486391193940846,0.0612536772356068
4096,2443,2.35646457213295,0.06362239551509036,0.06001559224017019
4096,2444,2.37208957213295,0.06239978584931501,0.05879719026020044
4096,2445,2.38771457213295,0.061195907360559534,0.057598285780116165
4096,2446,2.40333957213295,0.060010583594361205,0.05641869214276189
4096,2447,2.41896457213295,0.058843637290197016,0.05525822162675576
4096,2448,2.43458957213295,0.05769489044754143,0.054116685523040726
4096,2449,2.45021457213295,0.056564164391084096,0.05299389421061068
4096,2450,2.46583957213295,0.055451279835090156,0.05188965723138553
4096,2451,2.48146457213295,0.054356056946886416,0.05080378336420988
4096,2452,2.49708957213295,0.053278315409457586,0.04973608069795037
4096,2453,2.51271457213295,0.05221787448313756,0.048686356703668394
4096,2454,2.52833957213295,0.05117455306638155,0.04765441830584517
4096,2455,2.54396457213295,0.050148169755605744,0.04664007195263834
4096,2456,2.55958957213295,0.04913854290408178,0.04564312368514867
4096,2457,2.57521457213295,0.04814549067987438,0.04466337920567735
4096,2458,2.59083957213295,0.047168831122811034,0.04370064394495586
4096,2459,2.60646457213295,0.04620838220047349,0.042754723128329467
4096,2460,2.62208957213295,0.045263961863201765,0.04182542184087892
4096,2461,2.63771457213295,0.044335388098101725,0.040912545091463526
4096,2462,2.65333957213295,0.04342247898204851,0.040015897875671155
4096,2463,2.66896457213295,0.042525052733678466,0.03913528523766167
4096,2464,2.68458957213295,0.041642927764363256,0.03827051233088985
4096,2465,2.70021457213295,0.04077592272816024,0.03742138447769703
4096,2466,2.71583957213295,0.039923856570734266,0.036587707227759406
4096,2467,2.73146457213295,0.039086548577246485,0.03576928641538317
4096,2468,2.74708957213295,0.038263818419206536,0.034965928215637605
4096,2469,2.76271457213295,0.037455486200285174,0.034177439199317164
4096,2470,2.77833957213295,0.0366613725010852,0.0334036263867255
4096,2471,2.79396457213295,0.035881298422868774,0.03264429730027479
4096,2472,2.80958957213295,0.03511508563024049,0.03189926001589476
4096,2473,2.82521457213295,0.03436255639278564,0.031168323213246227
4096,2474,2.84083957213295,0.033623533625663976,0.03045129622473553
4096,2475,2.85646457213295,0.03289784092916004,0.02974798908332666
4096,2476,2.87208957213295,0.03218530262719127,0.029058212569148416
4096,2477,2.88771457213295,0.03148574380477616,0.02838177825489552
4096,2478,2.90333957213295,0.03079899034446502,0.027718498550022588
4096,2479,2.91896457213295,0.03012486896173657,0.02706818674373103
4096,2480,2.93458957213295,0.029463207239364013,0.026430657046750045
4096,2481,2.95021457213295,0.02881383366075487,0.02580572463191266
4096,2482,2.96583957213295,0.028176577642269458,0.025193205673529475
4096,2483,2.98146457213295,0.02755126956452305,0.024592917385563157
4096,2484,2.99708957213295,0.02693774080267766,0.024004678058606958
4096,2485,3.01271457213295,0.026335823755729557,0.023428307095672108
4096,2486,3.02833957213295,0.025745351874799222,0.022863625046788804
4096,2487,3.04396457213295,0.025166159690430838,0.02231045364242642
4096,2488,3.05958957213295,0.02459808283890883,0.021768615825739576
4096,2489,3.07521457213295,0.024040958087599467,0.021237935783646703
4096,2490,3.09083957213295,0.023494623359325804,0.020718238976748692
4096,2491,3.10646457213295,0.0229589177557847,0.020209352168095624
4096,2492,3.12208957213295,0.022433681580015023,0.01971110345081062
4096,2493,3.13771457213295,0.021918756357926526,0.019223322274579426
4096,2494,3.15333957213295,0.021413984858899074,0.018745839471015893
4096,2495,3.16896457213295,0.02091921111546248,0.018278487277913473
4096,2496,3.18458957213295,0.020434280442067222,0.017821099362393313
4096,2497,3.20021457213295,0.019959039452956927,0.017373510842960252
4096,2498,3.21583957213295,0.019493336079153448,0.016935558310478407
4096,2499,3.23146457213295,0.019037019584565988,0.01650707984807824
4096,2500,3.24708957213295,0.01858994058123566,0.016087915050007656
4096,2501,3.26271457213295,0.018151951043727355,0.015677905039440245
4096,2502,3.27833957213295,0.017722904322680817,0.015276892485253522
4096,2503,3.29396457213295,0.01730265515753328,0.01488472161779101
4096,2504,3.30958957213295,0.01689105968842594,0.014501238243622261
4096,2505,3.32521457213295,0.016487975467306962,0.014126289759314804
4096,2506,3.34083957213295,0.016093261468243768,0.013759725164232772
4096,2507,3.35646457213295,0.015706778096957592,0.013401395072377226
4096,2508,3.37208957213295,0.015328387199593311,0.013051151723283057
4096,2509,3.38771457213295,0.014957952070737896,0.012708848991988044
4096,2510,3.40333957213295,0.014595337460700762,0.012374342398089808
4096,2511,3.41896457213295,0.01424040958206953,0.01204748911390636
4096,2512,3.43458957213295,0.013893036115554758,0.01172814797175629
4096,2513,3.45021457213295,0.01355308621513734,0.011416179470375236
4096,2514,3.46583957213295,0.013220430512532268,0.011111445780484586
4096,2515,3.48146457213295,0.01289494112098263,0.01081381074952932
4096,2516,3.49708957213295,0.012576491638397667,0.010523139905601657
4096,2517,3.51271457213295,0.012264957149848835,0.010239300460567344
4096,2518,3.52833957213295,0.011960214229437827,0.009962161312411616
4096,2519,3.54396457213295,0.011662140941550516,0.00969159304682177
4096,2520,3.55958957213295,0.011370616841510832,0.009427467938023716
4096,2521,3.57521457213295,0.011085522975648562,0.009169659948889467
4096,2522,3.59083957213295,0.010806741880795098,0.00891804473033301
4096,2523,3.60646457213295,0.010534157583221073,0.008672499620011816
4096,2524,3.62208957213295,0.01026765559702988,0.008432903640351281
4096,2525,3.63771457213295,0.010007122922021027,0.00819913749590939
4096,2526,3.65333957213295,0.009752448041037162,0.007971083570099135
4096,2527,3.66896457213295,0.009503520916808653,0.007748625921285749
4096,2528,3.68458957213295,0.009260232988309532,0.007531650278276183
4096,2529,3.70021457213295,0.00902247716663847,0.007320044035218085
4096,2530,3.71583957213295,0.0087901478304385,0.007113696245925446
4096,2531,3.73146457213295,0.00856314082086903,0.006912497617647976
4096,2532,3.74708957213295,0.008341353436143636,0.006716340504301454
4096,2533,3.76271457213295,0.008124684425647068,0.006525118899175857
4096,2534,3.77833957213295,0.007913033983644733,0.00633872842713815
4096,2535,3.79396457213295,0.007706303742597861,0.006157066336346749
4096,2536,3.80958957213295,0.00750439676609746,0.005980031489493959
4096,2537,3.82521457213295,0.007307217541429991,0.005807524354593183
4096,2538,3.84083957213295,0.007114671971787652,0.005639446995327285
4096,2539,3.85646457213295,0.0069266673681359315,0.005475703060974261
4096,2540,3.87208957213295,0.006743112440751086,0.005316197775926355
4096,2541,3.88771457213295,0.006563917290439915,0.005160837928818722
4096,2542,3.90333957213295,0.006388993399454196,0.005009531861283223
4096,2543,3.91896457213295,0.006218253622111901,0.00486218945634308
4096,2544,3.93458957213295,0.00605161217513721,0.0047187221264638575
4096,2545,3.95021457213295,0.0058889846277311786,0.004579042801275909
4096,2546,3.96583957213295,0.005730287891384742,0.004443065914983485
4096,2547,3.98146457213295,0.0055754402094455886,0.004310707393475183
4096,2548,3.99708957213295,0.005424361146450266,0.004181884641150647
4096,2549,4.01271457213295,0.005276971577232716,0.004056516527477679
4096,2550,4.02833957213295,0.005133193675820256,0.003934523373294175
4096,2551,4.04396457213295,0.004992950904127871,0.0038158269368688876
4096,2552,4.05958957213295,0.0048561680004614695,0.003700350399734715
4096,2553,4.07521457213295,0.004722770967840609,0.00358801835230811
4096,2554,4.09083957213295,0.004592687062151005,0.0034787567793079987
4096,2555,4.10646457213295,0.004465844780136944,0.0033724930449872074
4096,2556,4.12208957213295,0.004342173847243561,0.0032691558781892836
4096,2557,4.13771457213295,0.004221605205318727,0.0031686753572433748
4096,2558,4.15333957213295,0.004104071000184124,0.003070982894709437
4096,2559,4.16896457213295,0.003989504569084897,0.0029760112219859407
4096,2560,4.18458957213295,0.0038778404280270743,0.002883694373792005
4096,2561,4.20021457213295,0.0037690142590117593,0.002793967672535462
4096,2562,4.21583957213295,0.003662962897174913,0.002706767712578271
4096,2563,4.23146457213295,0.00355962431784134,0.0026220323444104856
4096,2564,4.24708957213295,0.0034589376235013318,0.00253970065874348
4096,2565,4.26271457213295,0.003360843030718179,0.002459712970533145
4096,2566,4.27833957213295,0.0032652818569746285,0.002382010802943396
4096,2567,4.29396457213295,0.003172196507466125,0.002306536871260047
4096,2568,4.30958957213295,0.0030815304618485107,0.0022332350667648975
4096,2569,4.32521457213295,0.0029932282609476594,0.002162050440579685
4096,2570,4.34083957213295,0.0029072354934383295,0.002092929187489108
4096,2571,4.35646457213295,0.0028234987824993316,0.002025818629752093
4096,2572,4.37208957213295,0.0027419657724519226,0.0019606672009100734
4096,2573,4.38771457213295,0.002662585115388137,0.0018974244296008603
4096,2574,4.40333957213295,0.0025853064577956025,0.0018360409233863903
4096,2575,4.41896457213295,0.002510080427185179,0.0017764683526024657
4096,2576,4.43458957213295,0.0024368586187275823,0.0017186594342382174
4096,2577,4.45021457213295,0.0023655935819049834,0.0016625679158529239
4096,2578,4.46583957213295,0.002296238807183374,0.0016081485595374413
4096,2579,4.48146457213295,0.002228748712711323,0.0015553571259273797
4096,2580,4.49708957213295,0.0021630786310505605,0.001504150358274792
4096,2581,4.51271457213295,0.00209918479594366,0.0014544859665849674
4096,2582,4.52833957213295,0.002037024329123904,0.001406322611824745
4096,2583,4.54396457213295,0.00197655522717225,0.0013596198902083812
4096,2584,4.55958957213295,0.001917736348426148,0.0013143383175668833
4096,2585,4.57521457213295,0.0018605273999447798,0.001270439313806478
4096,2586,4.59083957213295,0.0018048889245351355,0.001227885187461613
4096,2587,4.60646457213295,0.0017507822878431705,0.0011866391203476912
4096,2588,4.62208957213295,0.0016981696655141256,0.0011466651523185359
4096,2589,4.63771457213295,0.0016470140304259344,0.0011079281661333213
4096,2590,4.65333957213295,0.0015972791399994817,0.0010703938724375304
4096,2591,4.66896457213295,0.0015489295235893217,0.00103402879486227
4096,2592,4.68458957213295,0.0015019304699583108,0.000998800255246065
4096,2593,4.70021457213295,0.0014562480148394654,0.0009646763589830324
4096,2594,4.71583957213295,0.0014118489285881903,0.0009316259805012052
4096,2595,4.73146457213295,0.0013687007039279028,0.00089961874887446
4096,2596,4.74708957213295,0.0013267715437919048,0.0008686250335714283
4096,2597,4.76271457213295,0.001286030349264243,0.0008386159303444953
4096,2598,4.77833957213295,0.0012464467076221336,0.0008095632472618509
4096,2599,4.79396457213295,0.001207990880482416,0.0007814394908853439
4096,2600,4.80958957213295,0.001170633792054344,0.0007542178525967493
4096,2601,4.82521457213295,0.0011343470175009124,0.0007278721950748329
4096,2602,4.84083957213295,0.0010991027714107762,0.0007023770389254609
4096,2603,4.85646457213295,0.0010648738963827016,0.0006777075494668407
4096,2604,4.87208957213295,0.0010316338517243615,0.0006538395236717811
4096,2605,4.88771457213295,0.0009993567022671714,0.0006307493772687218
4096,2606,4.90333957213295,0.0009680171072987413,0.0006084141320031352
4096,2607,4.91896457213295,0.0009375903096144114,0.0005868114030607262
4096,2608,4.93458957213295,0.0009080521246892187,0.0005659193866537291
4096,2609,4.95021457213295,0.0008793789299715388,0.0005457168477714394
4096,2610,4.96583957213295,0.0008515476542995411,0.0005261831080959973
4096,2611,4.98146457213295,0.0008245357674414881,0.0005072980340842816
4096,2612,4.99708957213295,0.0007983212697608117,0.0004890420252166507
